<?xml version="1.0" encoding="UTF-8" standalone="no"?>
<?fileVersion 4.0.0?><cproject storage_type_id="org.eclipse.cdt.core.XmlProjectDescriptionStorage">
	<storageModule moduleId="org.eclipse.cdt.core.settings">
		<cconfiguration id="0.679130533">
			<storageModule buildSystemId="org.eclipse.cdt.managedbuilder.core.configurationDataProvider" id="0.679130533" moduleId="org.eclipse.cdt.core.settings" name="Default">
				<externalSettings/>
				<extensions>
					<extension id="org.eclipse.cdt.core.GASErrorParser" point="org.eclipse.cdt.core.ErrorParser"/>
					<extension id="org.eclipse.cdt.core.GmakeErrorParser" point="org.eclipse.cdt.core.ErrorParser"/>
					<extension id="org.eclipse.cdt.core.GLDErrorParser" point="org.eclipse.cdt.core.ErrorParser"/>
					<extension id="org.eclipse.cdt.core.VCErrorParser" point="org.eclipse.cdt.core.ErrorParser"/>
					<extension id="org.eclipse.cdt.core.CWDLocator" point="org.eclipse.cdt.core.ErrorParser"/>
					<extension id="org.eclipse.cdt.core.GCCErrorParser" point="org.eclipse.cdt.core.ErrorParser"/>
				</extensions>
			</storageModule>
			<storageModule moduleId="cdtBuildSystem" version="4.0.0">
				<configuration buildProperties="" description="" id="0.679130533" name="Default" parent="org.eclipse.cdt.build.core.prefbase.cfg">
					<folderInfo id="0.679130533." name="/" resourcePath="">
						<toolChain id="org.eclipse.cdt.build.core.prefbase.toolchain.1442170974" name="No ToolChain" resourceTypeBasedDiscovery="false" superClass="org.eclipse.cdt.build.core.prefbase.toolchain">
							<targetPlatform id="org.eclipse.cdt.build.core.prefbase.toolchain.1442170974.1785417050" name=""/>
							<builder id="org.eclipse.cdt.build.core.settings.default.builder.1344439115" keepEnvironmentInBuildfile="false" managedBuildOn="false" name="Gnu Make Builder" superClass="org.eclipse.cdt.build.core.settings.default.builder"/>
							<tool id="org.eclipse.cdt.build.core.settings.holder.libs.621873527" name="holder for library settings" superClass="org.eclipse.cdt.build.core.settings.holder.libs"/>
							<tool id="org.eclipse.cdt.build.core.settings.holder.619500311" name="Assembly" superClass="org.eclipse.cdt.build.core.settings.holder">
								<inputType id="org.eclipse.cdt.build.core.settings.holder.inType.391873679" languageId="org.eclipse.cdt.core.assembly" languageName="Assembly" sourceContentType="org.eclipse.cdt.core.asmSource" superClass="org.eclipse.cdt.build.core.settings.holder.inType"/>
							</tool>
							<tool id="org.eclipse.cdt.build.core.settings.holder.843322856" name="GNU C++" superClass="org.eclipse.cdt.build.core.settings.holder">
								<inputType id="org.eclipse.cdt.build.core.settings.holder.inType.1645763203" languageId="org.eclipse.cdt.core.g++" languageName="GNU C++" sourceContentType="org.eclipse.cdt.core.cxxSource,org.eclipse.cdt.core.cxxHeader" superClass="org.eclipse.cdt.build.core.settings.holder.inType"/>
							</tool>
							<tool id="org.eclipse.cdt.build.core.settings.holder.1046989918" name="GNU C" superClass="org.eclipse.cdt.build.core.settings.holder">
								<option id="org.eclipse.cdt.build.core.settings.holder.incpaths.1629114685" superClass="org.eclipse.cdt.build.core.settings.holder.incpaths" valueType="includePath">
									<listOptionValue builtIn="false" value="/home/martin/local_lab/dev/glibc/install_x86_64/include"/>
								</option>
								<inputType id="org.eclipse.cdt.build.core.settings.holder.inType.1325155286" languageId="org.eclipse.cdt.core.gcc" languageName="GNU C" sourceContentType="org.eclipse.cdt.core.cSource,org.eclipse.cdt.core.cHeader" superClass="org.eclipse.cdt.build.core.settings.holder.inType"/>
							</tool>
						</toolChain>
					</folderInfo>
				</configuration>
			</storageModule>
			<storageModule moduleId="org.eclipse.cdt.core.externalSettings"/>
		</cconfiguration>
	</storageModule>
	<storageModule moduleId="cdtBuildSystem" version="4.0.0">
		<project id="malloc.null.1211338263" name="malloc"/>
	</storageModule>
	<storageModule moduleId="scannerConfiguration">
		<autodiscovery enabled="true" problemReportingEnabled="true" selectedProfileId=""/>
		<scannerConfigBuildInfo instanceId="0.679130533">
			<autodiscovery enabled="true" problemReportingEnabled="true" selectedProfileId=""/>
		</scannerConfigBuildInfo>
	</storageModule>
	<storageModule moduleId="org.eclipse.cdt.core.LanguageSettingsProviders"/>
	<storageModule moduleId="refreshScope" versionNumber="2">
		<configuration configurationName="Default">
			<resource resourceType="PROJECT" workspacePath="/malloc"/>
		</configuration>
	</storageModule>
</cproject>
